StudentNr,SubjectName,FinalMark,Year
11322,Physics 2,55,2021
11322,Chemistry 2,53,2021
11322,Mathematics 2,67,2021
11322,Biology 2,63,2021
11322,Statistics 2,76,2021
11322,Mathematics 3,60,2022
11322,Biology 3,55,2022
11342,Mathematics 1,48,2022
11342,Biology 1,47,2022
11342,Chemistry 1,69,2022
11342,Statistics 1,62,2022
11415,Mathematics 1,66,2021
11415,Chemistry 1,62,2021
11415,Biology 1,37,2021
11415,Chemistry 2,72,2022
11415,Mathematics 2,69,2022
11415,Biology 2,75,2022
11415,Physics 2,50,2022
11415,Statistics 2,50,2022
11464,Physics 1,56,2022
11464,Biology 1,72,2022
11495,Chemistry 2,64,2021
11495,Physics 2,63,2021
11495,Biology 2,55,2021
11495,Statistics 2,57,2021
11737,Chemistry 2,58,2021
11737,Biology 2,61,2021
11737,Statistics 2,46,2021
11737,Mathematics 2,57,2021
11737,Physics 2,61,2021
11846,Statistics 1,70,2022
11846,Physics 1,58,2022
11898,Biology 1,66,2022
11898,Mathematics 1,74,2022
11898,Physics 1,57,2022
11898,Chemistry 1,67,2022
12214,Statistics 1,57,2021
12214,Mathematics 1,72,2021
12214,Physics 1,63,2021
12214,Biology 1,60,2021
12214,Mathematics 2,54,2022
12214,Statistics 2,65,2022
12214,Biology 2,50,2022
12272,Statistics 2,66,2021
12272,Mathematics 2,56,2021
12272,Physics 2,65,2021
12272,Chemistry 2,84,2021
12272,Chemistry 3,66,2022
12272,Mathematics 3,47,2022
12272,Physics 3,58,2022
12272,Biology 3,50,2022
12498,Statistics 2,71,2021
12498,Physics 3,55,2022
12498,Mathematics 3,67,2022
12498,Chemistry 3,53,2022
12498,Biology 3,53,2022
12695,Mathematics 1,71,2022
12695,Chemistry 1,54,2022
12695,Physics 1,71,2022
12894,Statistics 2,53,2021
12894,Mathematics 2,63,2021
12894,Biology 2,57,2021
12894,Chemistry 2,51,2021
12894,Chemistry 3,48,2022
12894,Statistics 3,54,2022
12894,Mathematics 3,67,2022
12897,Physics 2,53,2021
12897,Chemistry 2,49,2021
12897,Biology 2,47,2021
12897,Mathematics 2,79,2021
12897,Statistics 2,58,2021
12897,Mathematics 3,55,2022
12897,Physics 3,70,2022
12897,Statistics 3,62,2022
12897,Chemistry 3,65,2022
12967,Mathematics 2,72,2021
12967,Physics 2,55,2021
12967,Statistics 2,54,2021
12984,Statistics 1,54,2021
12984,Biology 1,55,2021
12984,Physics 1,74,2021
12984,Physics 2,61,2022
12984,Chemistry 2,70,2022
12984,Mathematics 2,65,2022
12984,Biology 2,50,2022
12984,Statistics 2,73,2022
13285,Physics 2,53,2021
13285,Statistics 2,69,2021
13285,Biology 2,54,2021
13285,Chemistry 2,76,2021
13285,Mathematics 2,67,2021
13285,Statistics 3,53,2022
13285,Physics 3,62,2022
13285,Biology 3,72,2022
13285,Chemistry 3,50,2022
13285,Mathematics 3,73,2022
14294,Mathematics 2,56,2021
14294,Chemistry 2,61,2021
14294,Biology 2,63,2021
14686,Biology 2,55,2021
14686,Chemistry 2,50,2021
14686,Mathematics 2,56,2021
14686,Biology 3,47,2022
14686,Statistics 3,48,2022
14935,Mathematics 1,70,2021
14935,Mathematics 2,72,2022
14935,Biology 2,62,2022
14935,Statistics 2,62,2022
14935,Chemistry 2,63,2022
14935,Physics 2,50,2022
15166,Biology 1,60,2022
15166,Mathematics 1,61,2022
15166,Chemistry 1,60,2022
15166,Statistics 1,60,2022
15166,Physics 1,71,2022
15225,Mathematics 2,60,2021
15225,Biology 2,56,2021
15225,Statistics 2,78,2021
15225,Physics 2,71,2021
15225,Chemistry 2,61,2021
15225,Biology 3,63,2022
15225,Statistics 3,54,2022
15225,Chemistry 3,59,2022
15225,Physics 3,60,2022
15561,Statistics 1,54,2022
15561,Biology 1,87,2022
15561,Chemistry 1,75,2022
15561,Physics 1,73,2022
15561,Mathematics 1,48,2022
15578,Chemistry 1,60,2022
15578,Biology 1,60,2022
15914,Chemistry 2,34,2021
15914,Statistics 2,54,2021
15914,Biology 2,75,2021
15914,Mathematics 2,65,2021
15914,Physics 2,73,2021
15914,Statistics 3,61,2022
15914,Biology 3,51,2022
15914,Mathematics 3,71,2022
15914,Physics 3,67,2022
16483,Statistics 1,71,2021
16483,Biology 1,65,2021
16483,Physics 1,51,2021
16483,Mathematics 1,66,2021
16483,Statistics 2,45,2022
16483,Chemistry 2,63,2022
16483,Mathematics 2,63,2022
16483,Physics 2,45,2022
16843,Physics 2,76,2021
16843,Mathematics 2,67,2021
16843,Statistics 2,72,2021
16843,Chemistry 2,56,2021
16843,Biology 2,75,2021
16843,Biology 3,58,2022
16843,Chemistry 3,66,2022
16843,Mathematics 3,65,2022
16843,Statistics 3,62,2022
16843,Physics 3,41,2022
17131,Mathematics 2,75,2021
17131,Biology 2,56,2021
17131,Physics 2,55,2021
17131,Statistics 2,65,2021
17131,Physics 3,60,2022
17131,Mathematics 3,61,2022
17131,Statistics 3,58,2022
17131,Chemistry 3,74,2022
17246,Physics 2,74,2021
17246,Chemistry 2,48,2021
17466,Physics 1,59,2022
17466,Biology 1,73,2022
17466,Chemistry 1,63,2022
17485,Statistics 2,58,2021
17485,Mathematics 2,79,2021
17485,Physics 2,67,2021
17628,Statistics 1,40,2021
17628,Biology 1,77,2021
17628,Physics 1,53,2021
17628,Biology 2,68,2022
17628,Chemistry 2,45,2022
17628,Statistics 2,57,2022
17628,Mathematics 2,48,2022
17628,Physics 2,66,2022
17836,Chemistry 2,73,2021
17836,Statistics 2,74,2021
17836,Biology 2,52,2021
17836,Biology 3,57,2022
17836,Mathematics 3,70,2022
17836,Chemistry 3,60,2022
17836,Statistics 3,61,2022
17836,Physics 3,60,2022
17847,Physics 2,75,2021
17847,Biology 2,54,2021
17847,Mathematics 2,71,2021
17847,Statistics 2,72,2021
17847,Chemistry 2,62,2021
17847,Mathematics 3,52,2022
17847,Chemistry 3,52,2022
17847,Statistics 3,56,2022
17847,Biology 3,71,2022
17847,Physics 3,41,2022
17873,Physics 1,75,2022
17873,Biology 1,64,2022
18134,Chemistry 2,64,2021
18134,Physics 2,44,2021
18134,Biology 2,48,2021
18134,Statistics 2,49,2021
18134,Mathematics 2,59,2021
18134,Physics 3,33,2022
18134,Biology 3,59,2022
18134,Mathematics 3,62,2022
18134,Chemistry 3,69,2022
18153,Chemistry 1,57,2022
18153,Physics 1,70,2022
18153,Statistics 1,54,2022
18153,Mathematics 1,34,2022
18153,Biology 1,66,2022
18234,Statistics 2,57,2021
18234,Biology 2,73,2021
18234,Mathematics 2,68,2021
18234,Physics 2,61,2021
18234,Chemistry 2,41,2021
18234,Biology 3,55,2022
18234,Physics 3,67,2022
18451,Mathematics 2,70,2021
18451,Statistics 2,62,2021
18451,Biology 2,59,2021
18451,Chemistry 2,46,2021
18451,Biology 3,78,2022
18451,Physics 3,64,2022
18635,Mathematics 1,57,2022
18635,Biology 1,67,2022
18635,Statistics 1,74,2022
18635,Chemistry 1,57,2022
18992,Mathematics 1,39,2021
18992,Chemistry 1,48,2021
18992,Physics 2,72,2022
18992,Statistics 2,41,2022
18992,Chemistry 2,74,2022
19144,Chemistry 1,62,2021
19144,Statistics 1,73,2021
19144,Biology 1,75,2021
19144,Chemistry 2,74,2022
19144,Physics 2,60,2022
19356,Physics 1,60,2021
19356,Statistics 1,86,2021
19356,Mathematics 1,51,2021
19356,Chemistry 1,69,2021
19356,Mathematics 2,58,2022
19356,Biology 2,57,2022
19356,Physics 2,56,2022
19714,Biology 1,65,2022
19714,Chemistry 1,43,2022
19714,Physics 1,54,2022
19921,Physics 2,57,2021
19921,Mathematics 2,50,2021
19921,Statistics 2,70,2021
19921,Biology 2,53,2021
19956,Physics 2,68,2021
19956,Statistics 2,66,2021
19956,Chemistry 2,46,2021
19956,Biology 3,65,2022
19956,Mathematics 3,62,2022
19956,Statistics 3,54,2022
19956,Physics 3,62,2022
19956,Chemistry 3,72,2022
21261,Biology 2,63,2021
21261,Chemistry 2,41,2021
21261,Mathematics 2,57,2021
21296,Mathematics 2,61,2021
21296,Chemistry 2,52,2021
21296,Physics 2,69,2021
21296,Biology 2,60,2021
21296,Statistics 2,45,2021
21463,Biology 2,46,2021
21463,Chemistry 2,50,2021
21463,Statistics 2,61,2021
21463,Mathematics 2,45,2021
21463,Chemistry 3,60,2022
21463,Mathematics 3,62,2022
21463,Physics 3,79,2022
21463,Statistics 3,56,2022
21463,Biology 3,41,2022
21495,Physics 2,56,2021
21495,Chemistry 2,60,2021
21495,Statistics 3,58,2022
21495,Mathematics 3,50,2022
21495,Physics 3,58,2022
21495,Biology 3,55,2022
21594,Chemistry 2,62,2021
21594,Biology 2,72,2021
21594,Physics 2,40,2021
21594,Mathematics 2,57,2021
21594,Statistics 3,62,2022
21594,Chemistry 3,59,2022
21594,Mathematics 3,61,2022
21594,Physics 3,80,2022
22159,Chemistry 2,41,2021
22159,Mathematics 2,62,2021
22159,Biology 2,49,2021
22159,Statistics 2,74,2021
22159,Physics 2,69,2021
22159,Biology 3,69,2022
22159,Chemistry 3,44,2022
22548,Mathematics 1,47,2021
22548,Statistics 1,68,2021
22548,Chemistry 1,59,2021
22548,Physics 2,61,2022
22548,Statistics 2,55,2022
22548,Biology 2,59,2022
22593,Chemistry 2,77,2021
22593,Mathematics 2,60,2021
22593,Physics 2,55,2021
22593,Biology 2,68,2021
22593,Statistics 2,41,2021
22593,Physics 3,69,2022
22593,Statistics 3,60,2022
22593,Mathematics 3,56,2022
22593,Chemistry 3,77,2022
22593,Biology 3,55,2022
22672,Physics 2,67,2021
22672,Chemistry 2,71,2021
22672,Mathematics 2,62,2021
22672,Biology 2,72,2021
22672,Statistics 3,56,2022
22773,Mathematics 1,64,2021
22773,Biology 1,66,2021
22773,Chemistry 1,66,2021
22773,Physics 2,78,2022
22773,Biology 2,71,2022
22773,Statistics 2,53,2022
22773,Mathematics 2,54,2022
22773,Chemistry 2,58,2022
22896,Physics 2,68,2021
22896,Biology 2,72,2021
22896,Mathematics 2,49,2021
22896,Chemistry 2,64,2021
22896,Chemistry 3,58,2022
22896,Mathematics 3,72,2022
22896,Statistics 3,71,2022
22896,Biology 3,43,2022
22896,Physics 3,58,2022
23182,Chemistry 2,61,2021
23182,Biology 2,70,2021
23182,Statistics 2,57,2021
23182,Physics 2,64,2021
23182,Statistics 3,54,2022
23182,Physics 3,80,2022
23182,Chemistry 3,55,2022
23196,Statistics 2,65,2021
23196,Chemistry 2,59,2021
23196,Physics 2,58,2021
23196,Mathematics 3,60,2022
23196,Chemistry 3,74,2022
23196,Physics 3,67,2022
23196,Statistics 3,79,2022
23196,Biology 3,77,2022
23367,Mathematics 2,58,2021
23367,Chemistry 2,59,2021
23367,Biology 2,68,2021
23367,Statistics 2,74,2021
23367,Physics 2,68,2021
23367,Physics 3,62,2022
23367,Chemistry 3,50,2022
23367,Biology 3,54,2022
23367,Statistics 3,56,2022
23367,Mathematics 3,58,2022
23373,Chemistry 1,38,2022
23373,Biology 1,55,2022
23373,Physics 1,73,2022
23373,Mathematics 1,66,2022
23373,Statistics 1,61,2022
23467,Statistics 2,60,2021
23467,Physics 2,46,2021
23467,Mathematics 2,51,2021
23467,Biology 2,52,2021
23467,Chemistry 2,65,2021
23523,Chemistry 1,51,2021
23523,Statistics 1,39,2021
23523,Biology 2,68,2022
23523,Statistics 2,60,2022
23523,Mathematics 2,67,2022
23523,Chemistry 2,73,2022
23556,Physics 2,88,2021
23556,Biology 2,68,2021
23556,Statistics 2,58,2021
23556,Chemistry 2,51,2021
23677,Statistics 1,71,2022
23677,Chemistry 1,64,2022
23677,Mathematics 1,66,2022
23677,Biology 1,45,2022
23677,Physics 1,61,2022
24267,Statistics 1,56,2021
24267,Chemistry 1,59,2021
24267,Mathematics 1,72,2021
24267,Biology 2,53,2022
24267,Chemistry 2,65,2022
24653,Physics 1,67,2022
24653,Chemistry 1,62,2022
24653,Statistics 1,53,2022
24653,Biology 1,66,2022
24653,Mathematics 1,56,2022
24982,Statistics 1,76,2021
24982,Chemistry 1,89,2021
24982,Biology 1,49,2021
24982,Physics 1,66,2021
24982,Statistics 2,61,2022
24982,Physics 2,52,2022
24982,Biology 2,63,2022
24982,Chemistry 2,63,2022
25254,Biology 2,60,2021
25254,Physics 2,54,2021
25254,Chemistry 2,73,2021
25254,Statistics 2,67,2021
25254,Statistics 3,49,2022
25254,Chemistry 3,36,2022
25254,Physics 3,44,2022
25254,Mathematics 3,58,2022
25254,Biology 3,74,2022
25516,Physics 2,71,2021
25516,Statistics 2,70,2021
25516,Mathematics 2,51,2021
25516,Chemistry 2,66,2021
25516,Biology 2,58,2021
25743,Biology 2,59,2021
25743,Physics 2,64,2021
25895,Physics 2,52,2021
25895,Mathematics 2,45,2021
25895,Statistics 2,57,2021
25895,Chemistry 2,61,2021
26287,Biology 2,60,2021
26287,Statistics 2,52,2021
26287,Physics 2,80,2021
26287,Chemistry 2,48,2021
26287,Physics 3,42,2022
26287,Mathematics 3,47,2022
26287,Statistics 3,38,2022
26287,Chemistry 3,61,2022
26545,Mathematics 2,50,2021
26545,Physics 2,51,2021
26545,Biology 2,68,2021
26559,Chemistry 2,69,2021
26559,Physics 2,56,2021
26559,Mathematics 2,58,2021
26559,Biology 2,72,2021
26559,Statistics 2,68,2021
26641,Biology 1,60,2021
26641,Chemistry 1,36,2021
26641,Statistics 1,40,2021
26641,Mathematics 1,65,2021
26641,Physics 1,54,2021
26641,Mathematics 2,73,2022
26641,Physics 2,66,2022
26641,Chemistry 2,56,2022
26641,Statistics 2,67,2022
27284,Statistics 1,58,2022
27284,Physics 1,59,2022
27284,Biology 1,59,2022
27284,Chemistry 1,51,2022
27534,Chemistry 2,66,2021
27534,Statistics 2,69,2021
27534,Chemistry 3,64,2022
27534,Mathematics 3,40,2022
27534,Statistics 3,68,2022
27534,Biology 3,62,2022
27949,Physics 1,77,2022
27949,Chemistry 1,70,2022
27949,Statistics 1,52,2022
28363,Chemistry 1,77,2021
28363,Physics 1,63,2021
28363,Statistics 1,80,2021
28363,Biology 1,77,2021
28363,Biology 2,54,2022
28363,Statistics 2,68,2022
28363,Chemistry 2,57,2022
28363,Mathematics 2,53,2022
28363,Physics 2,60,2022
29116,Mathematics 2,56,2021
29116,Biology 2,50,2021
29116,Chemistry 2,67,2021
29116,Physics 2,63,2021
29116,Statistics 2,83,2021
29147,Biology 1,66,2021
29147,Biology 2,52,2022
29147,Mathematics 2,64,2022
29147,Statistics 2,70,2022
29188,Physics 2,50,2021
29188,Mathematics 2,60,2021
29188,Chemistry 2,57,2021
29188,Statistics 2,64,2021
29534,Biology 1,62,2021
29534,Physics 1,72,2021
29534,Mathematics 1,67,2021
29534,Chemistry 1,62,2021
29534,Statistics 1,48,2021
29534,Mathematics 2,48,2022
29534,Chemistry 2,52,2022
29534,Statistics 2,47,2022
29534,Biology 2,53,2022
29534,Physics 2,63,2022
29569,Physics 1,64,2022
29569,Chemistry 1,77,2022
29569,Mathematics 1,45,2022
29569,Statistics 1,74,2022
29569,Biology 1,46,2022
29598,Biology 2,71,2021
29598,Statistics 2,63,2021
29598,Mathematics 2,75,2021
29598,Biology 3,56,2022
29598,Statistics 3,68,2022
29598,Chemistry 3,55,2022
29598,Physics 3,63,2022
29598,Mathematics 3,76,2022
29679,Mathematics 1,46,2021
29679,Chemistry 1,44,2021
29679,Physics 1,51,2021
29679,Biology 1,74,2021
29679,Statistics 1,57,2021
29679,Mathematics 2,53,2022
29679,Physics 2,63,2022
29679,Statistics 2,59,2022
29679,Biology 2,58,2022
29932,Mathematics 1,78,2022
29932,Chemistry 1,39,2022
29961,Statistics 1,60,2021
29961,Chemistry 1,68,2021
29961,Chemistry 2,60,2022
29961,Statistics 2,47,2022
29961,Mathematics 2,51,2022
29961,Biology 2,87,2022
29976,Chemistry 1,63,2021
29976,Biology 1,57,2021
29976,Mathematics 1,66,2021
29976,Statistics 1,70,2021
29976,Physics 1,74,2021
29976,Statistics 2,80,2022
29976,Physics 2,60,2022
29976,Chemistry 2,59,2022
29976,Mathematics 2,60,2022
29976,Biology 2,63,2022
31159,Chemistry 2,66,2021
31159,Statistics 2,83,2021
31159,Biology 2,62,2021
31159,Mathematics 2,64,2021
31159,Physics 2,55,2021
31368,Physics 2,60,2021
31368,Mathematics 2,65,2021
31368,Biology 2,59,2021
31368,Chemistry 2,65,2021
31368,Physics 3,61,2022
31368,Biology 3,67,2022
31368,Chemistry 3,63,2022
31368,Statistics 3,68,2022
31372,Mathematics 1,70,2021
31372,Chemistry 1,58,2021
31372,Physics 1,59,2021
31372,Biology 1,32,2021
31372,Mathematics 2,51,2022
31372,Physics 2,62,2022
31372,Biology 2,78,2022
31525,Mathematics 1,49,2022
31525,Statistics 1,54,2022
31525,Physics 1,75,2022
31551,Mathematics 2,60,2021
31551,Chemistry 2,43,2021
31551,Biology 2,63,2021
31551,Statistics 2,51,2021
31551,Physics 2,57,2021
31551,Mathematics 3,58,2022
31551,Physics 3,65,2022
31551,Chemistry 3,71,2022
31575,Physics 2,48,2021
31575,Chemistry 2,67,2021
31634,Biology 2,54,2021
31634,Mathematics 2,60,2021
31634,Physics 2,49,2021
31634,Chemistry 2,60,2021
31634,Statistics 2,58,2021
31991,Physics 1,59,2022
31991,Chemistry 1,49,2022
31991,Statistics 1,49,2022
31991,Mathematics 1,43,2022
31991,Biology 1,54,2022
32652,Biology 2,63,2021
32652,Statistics 2,45,2021
32652,Physics 2,64,2021
32652,Chemistry 2,53,2021
32652,Mathematics 2,56,2021
32758,Physics 1,63,2022
32758,Chemistry 1,62,2022
32758,Statistics 1,58,2022
32865,Chemistry 2,53,2021
32865,Physics 2,63,2021
32865,Mathematics 2,57,2021
32865,Biology 2,56,2021
32975,Mathematics 1,57,2021
32975,Biology 2,77,2022
32975,Chemistry 2,66,2022
32975,Physics 2,54,2022
32975,Statistics 2,60,2022
32975,Mathematics 2,57,2022
33256,Physics 2,87,2021
33256,Chemistry 2,95,2021
33256,Physics 3,61,2022
33256,Mathematics 3,75,2022
33256,Biology 3,54,2022
33256,Chemistry 3,44,2022
33256,Statistics 3,43,2022
33491,Mathematics 2,67,2021
33491,Statistics 2,67,2021
33491,Chemistry 2,48,2021
33491,Biology 2,71,2021
33491,Statistics 3,58,2022
33491,Physics 3,69,2022
33491,Chemistry 3,71,2022
33511,Chemistry 1,59,2022
33511,Statistics 1,58,2022
34118,Mathematics 1,86,2022
34118,Biology 1,73,2022
34118,Chemistry 1,73,2022
34118,Statistics 1,51,2022
34118,Physics 1,49,2022
34285,Mathematics 2,74,2021
34285,Physics 2,80,2021
34285,Chemistry 2,52,2021
34285,Biology 3,60,2022
34285,Mathematics 3,57,2022
34285,Chemistry 3,73,2022
34285,Physics 3,72,2022
34484,Mathematics 2,48,2021
34484,Biology 2,50,2021
34484,Physics 2,60,2021
34484,Chemistry 2,48,2021
34484,Statistics 2,64,2021
34497,Biology 1,61,2021
34497,Physics 1,58,2021
34497,Chemistry 1,62,2021
34497,Mathematics 1,42,2021
34497,Mathematics 2,56,2022
34497,Statistics 2,52,2022
34497,Physics 2,70,2022
34642,Statistics 2,70,2021
34642,Mathematics 2,55,2021
34642,Physics 3,59,2022
34642,Mathematics 3,54,2022
34642,Biology 3,60,2022
34772,Statistics 1,74,2021
34772,Mathematics 1,51,2021
34772,Biology 1,61,2021
34772,Chemistry 2,52,2022
34772,Physics 2,59,2022
34772,Statistics 2,50,2022
34772,Mathematics 2,35,2022
34772,Biology 2,59,2022
34991,Biology 2,63,2021
34991,Physics 2,68,2021
34991,Chemistry 2,74,2021
34991,Mathematics 2,65,2021
34991,Statistics 2,70,2021
34991,Mathematics 3,59,2022
35244,Mathematics 1,58,2021
35244,Statistics 1,62,2021
35244,Biology 1,65,2021
35244,Chemistry 1,66,2021
35244,Biology 2,58,2022
35244,Physics 2,62,2022
35244,Chemistry 2,62,2022
35244,Statistics 2,65,2022
35244,Mathematics 2,54,2022
35419,Physics 1,62,2022
35419,Biology 1,63,2022
35419,Statistics 1,61,2022
35419,Chemistry 1,54,2022
35419,Mathematics 1,58,2022
35428,Chemistry 2,66,2021
35428,Physics 2,73,2021
35428,Mathematics 2,44,2021
35428,Statistics 2,51,2021
35428,Biology 2,73,2021
35428,Biology 3,56,2022
35428,Statistics 3,65,2022
35428,Physics 3,58,2022
35428,Mathematics 3,61,2022
35428,Chemistry 3,61,2022
35567,Chemistry 2,44,2021
35567,Mathematics 2,71,2021
35567,Physics 2,53,2021
35567,Biology 2,65,2021
35624,Biology 2,57,2021
35624,Chemistry 2,64,2021
35624,Mathematics 2,81,2021
36196,Statistics 1,63,2022
36196,Physics 1,35,2022
36196,Biology 1,66,2022
36196,Chemistry 1,58,2022
36283,Physics 1,56,2021
36283,Mathematics 1,69,2021
36283,Chemistry 2,57,2022
36283,Statistics 2,79,2022
36283,Mathematics 2,47,2022
36283,Biology 2,68,2022
36328,Physics 2,50,2021
36328,Mathematics 2,51,2021
36328,Biology 2,74,2021
36328,Statistics 2,70,2021
36328,Mathematics 3,57,2022
36328,Statistics 3,57,2022
36328,Biology 3,57,2022
36328,Chemistry 3,80,2022
36328,Physics 3,52,2022
36816,Statistics 1,53,2022
36816,Physics 1,54,2022
36816,Mathematics 1,64,2022
36816,Chemistry 1,70,2022
36816,Biology 1,58,2022
36889,Mathematics 2,68,2021
36889,Statistics 2,59,2021
36889,Chemistry 2,64,2021
36889,Physics 2,62,2021
36889,Biology 2,57,2021
36889,Statistics 3,61,2022
36889,Mathematics 3,69,2022
36889,Biology 3,47,2022
36889,Physics 3,42,2022
36889,Chemistry 3,61,2022
37224,Biology 2,45,2021
37224,Mathematics 2,69,2021
37224,Physics 2,75,2021
37224,Chemistry 2,55,2021
37224,Physics 3,75,2022
37224,Statistics 3,60,2022
37224,Chemistry 3,70,2022
37492,Chemistry 1,72,2021
37492,Statistics 1,68,2021
37492,Physics 1,69,2021
37492,Biology 1,62,2021
37492,Physics 2,55,2022
37492,Mathematics 2,59,2022
37492,Chemistry 2,43,2022
37718,Chemistry 1,54,2022
37718,Mathematics 1,47,2022
37718,Physics 1,54,2022
37718,Biology 1,57,2022
37864,Mathematics 2,55,2021
37864,Biology 2,53,2021
37864,Physics 2,61,2021
37864,Statistics 2,62,2021
37864,Chemistry 3,49,2022
37864,Statistics 3,52,2022
37915,Physics 2,69,2021
37915,Biology 2,63,2021
37915,Mathematics 2,54,2021
37915,Chemistry 2,51,2021
37915,Statistics 2,51,2021
37915,Biology 3,48,2022
37915,Chemistry 3,74,2022
37988,Statistics 2,58,2021
37988,Chemistry 2,39,2021
37988,Biology 2,61,2021
37988,Mathematics 2,59,2021
37988,Physics 2,47,2021
38171,Biology 1,50,2022
38171,Physics 1,61,2022
38171,Statistics 1,48,2022
38171,Chemistry 1,57,2022
38267,Statistics 1,53,2021
38267,Biology 1,55,2021
38267,Chemistry 1,66,2021
38267,Physics 1,56,2021
38267,Mathematics 2,61,2022
38267,Chemistry 2,75,2022
38267,Statistics 2,55,2022
38267,Physics 2,48,2022
38267,Biology 2,78,2022
38555,Physics 1,63,2022
38555,Statistics 1,48,2022
38555,Biology 1,47,2022
38555,Mathematics 1,54,2022
38642,Physics 1,62,2021
38642,Biology 1,66,2021
38642,Chemistry 2,74,2022
38642,Biology 2,63,2022
38769,Chemistry 2,65,2021
38769,Mathematics 2,58,2021
38769,Statistics 2,57,2021
38769,Biology 2,57,2021
38769,Physics 2,64,2021
38769,Mathematics 3,55,2022
38769,Biology 3,65,2022
38769,Chemistry 3,65,2022
38769,Statistics 3,67,2022
38946,Physics 1,56,2022
38946,Chemistry 1,72,2022
38946,Statistics 1,48,2022
38946,Mathematics 1,46,2022
38946,Biology 1,58,2022
39154,Physics 2,61,2021
39154,Chemistry 2,52,2021
39154,Statistics 2,65,2021
39154,Biology 2,63,2021
39154,Mathematics 2,68,2021
39154,Biology 3,56,2022
39154,Statistics 3,65,2022
39154,Mathematics 3,67,2022
39154,Physics 3,64,2022
39154,Chemistry 3,63,2022
39648,Chemistry 2,75,2021
39648,Biology 2,56,2021
39648,Physics 2,59,2021
39648,Physics 3,69,2022
39648,Statistics 3,66,2022
39648,Chemistry 3,65,2022
39911,Physics 1,43,2021
39911,Chemistry 1,47,2021
39911,Mathematics 1,59,2021
39911,Statistics 1,55,2021
39911,Biology 1,59,2021
39911,Mathematics 2,65,2022
39911,Biology 2,70,2022
39911,Chemistry 2,52,2022
39911,Statistics 2,52,2022
41211,Physics 2,57,2021
41211,Statistics 2,53,2021
41211,Biology 2,53,2021
41211,Biology 3,48,2022
41211,Physics 3,72,2022
41211,Chemistry 3,67,2022
41211,Statistics 3,60,2022
41214,Biology 2,84,2021
41214,Mathematics 2,54,2021
41214,Physics 2,61,2021
41214,Statistics 2,58,2021
41214,Chemistry 2,46,2021
41214,Biology 3,54,2022
41214,Statistics 3,60,2022
41214,Mathematics 3,56,2022
41754,Physics 2,62,2021
41754,Statistics 2,58,2021
41754,Mathematics 2,48,2021
41754,Biology 2,61,2021
41754,Physics 3,77,2022
41754,Mathematics 3,42,2022
41754,Chemistry 3,58,2022
41754,Biology 3,69,2022
41812,Biology 2,39,2021
41812,Chemistry 2,71,2021
41812,Physics 2,54,2021
41812,Mathematics 3,65,2022
41812,Physics 3,75,2022
41812,Chemistry 3,43,2022
41812,Biology 3,45,2022
41888,Chemistry 2,56,2021
41888,Biology 2,47,2021
41888,Mathematics 2,51,2021
41888,Statistics 2,68,2021
41888,Mathematics 3,66,2022
41888,Chemistry 3,42,2022
41888,Statistics 3,82,2022
41888,Biology 3,71,2022
41961,Mathematics 1,72,2022
41961,Physics 1,68,2022
41961,Statistics 1,64,2022
41961,Chemistry 1,57,2022
41961,Biology 1,48,2022
42331,Mathematics 2,62,2021
42331,Biology 2,79,2021
42331,Statistics 2,51,2021
42331,Chemistry 2,53,2021
42331,Physics 2,46,2021
42337,Biology 2,33,2021
42337,Statistics 2,55,2021
42337,Mathematics 2,50,2021
42337,Chemistry 2,67,2021
42337,Physics 3,51,2022
42337,Chemistry 3,41,2022
42337,Biology 3,53,2022
42337,Mathematics 3,61,2022
42864,Biology 2,56,2021
42864,Statistics 2,48,2021
42864,Chemistry 2,53,2021
44239,Biology 2,46,2021
44239,Physics 2,77,2021
44239,Mathematics 2,53,2021
44484,Physics 2,52,2021
44484,Chemistry 2,64,2021
44484,Biology 2,69,2021
44484,Mathematics 2,46,2021
44484,Statistics 2,77,2021
44484,Statistics 3,61,2022
44484,Chemistry 3,41,2022
44484,Biology 3,68,2022
44484,Physics 3,90,2022
44582,Statistics 2,47,2021
44582,Chemistry 2,74,2021
44715,Statistics 1,58,2021
44715,Physics 1,71,2021
44715,Chemistry 1,59,2021
44715,Statistics 2,62,2022
44715,Chemistry 2,71,2022
44758,Physics 1,55,2021
44758,Mathematics 1,49,2021
44758,Chemistry 1,52,2021
44758,Statistics 1,60,2021
44758,Chemistry 2,65,2022
44758,Physics 2,52,2022
44758,Mathematics 2,60,2022
44758,Biology 2,47,2022
44758,Statistics 2,73,2022
44891,Statistics 2,62,2021
44891,Biology 2,46,2021
44891,Chemistry 2,52,2021
44891,Biology 3,51,2022
44891,Physics 3,53,2022
44891,Chemistry 3,49,2022
44891,Statistics 3,62,2022
44891,Mathematics 3,54,2022
44897,Biology 2,79,2021
44897,Physics 2,77,2021
44897,Statistics 2,63,2021
44897,Biology 3,71,2022
44897,Chemistry 3,71,2022
44897,Mathematics 3,43,2022
44897,Statistics 3,64,2022
45132,Chemistry 2,59,2021
45132,Statistics 2,59,2021
45132,Biology 2,71,2021
45132,Mathematics 2,48,2021
45132,Physics 2,60,2021
45132,Statistics 3,54,2022
45132,Mathematics 3,83,2022
45132,Chemistry 3,64,2022
45221,Physics 2,52,2021
45221,Biology 2,53,2021
45221,Mathematics 2,59,2021
45221,Mathematics 3,53,2022
45545,Mathematics 1,73,2022
45545,Chemistry 1,53,2022
45839,Biology 2,80,2021
45839,Physics 2,58,2021
45839,Chemistry 2,59,2021
45839,Statistics 2,55,2021
45839,Mathematics 2,62,2021
45839,Statistics 3,44,2022
45839,Chemistry 3,48,2022
45839,Mathematics 3,69,2022
46557,Statistics 2,60,2021
46557,Biology 2,48,2021
46557,Physics 3,60,2022
46622,Chemistry 2,67,2021
46622,Physics 2,66,2021
46622,Mathematics 2,55,2021
46622,Statistics 2,62,2021
46622,Biology 2,55,2021
46622,Biology 3,50,2022
46622,Chemistry 3,55,2022
46622,Physics 3,55,2022
46851,Physics 2,50,2021
46851,Statistics 2,42,2021
46851,Mathematics 2,66,2021
46851,Chemistry 3,52,2022
46851,Mathematics 3,61,2022
46851,Statistics 3,69,2022
46851,Biology 3,65,2022
46851,Physics 3,69,2022
46878,Biology 2,74,2021
47223,Biology 1,62,2021
47223,Chemistry 1,53,2021
47223,Chemistry 2,72,2022
47223,Biology 2,48,2022
47223,Physics 2,68,2022
47549,Statistics 1,59,2021
47549,Physics 1,43,2021
47549,Biology 1,51,2021
47549,Chemistry 1,50,2021
47549,Mathematics 1,64,2021
47549,Biology 2,74,2022
47549,Physics 2,52,2022
47667,Mathematics 2,53,2021
47667,Biology 2,67,2021
47887,Mathematics 1,60,2022
47887,Chemistry 1,49,2022
47887,Physics 1,60,2022
47887,Statistics 1,62,2022
48434,Statistics 1,67,2022
48434,Physics 1,57,2022
48434,Chemistry 1,52,2022
48434,Biology 1,49,2022
48434,Mathematics 1,46,2022
48639,Mathematics 1,55,2021
48639,Statistics 1,61,2021
48639,Physics 1,62,2021
48639,Statistics 2,46,2022
48639,Mathematics 2,73,2022
48639,Biology 2,67,2022
48639,Physics 2,49,2022
48697,Chemistry 2,55,2021
48697,Mathematics 2,54,2021
48697,Statistics 2,68,2021
48697,Physics 2,57,2021
48697,Physics 3,64,2022
48697,Biology 3,60,2022
48697,Mathematics 3,65,2022
48919,Biology 2,74,2021
48919,Statistics 2,54,2021
48919,Mathematics 2,45,2021
48919,Physics 2,52,2021
48919,Statistics 3,65,2022
48919,Chemistry 3,57,2022
48919,Physics 3,73,2022
48932,Statistics 2,61,2021
48932,Chemistry 2,57,2021
48932,Biology 2,78,2021
48932,Mathematics 3,77,2022
48932,Chemistry 3,70,2022
48932,Biology 3,63,2022
48932,Physics 3,63,2022
48932,Statistics 3,56,2022
48989,Statistics 2,68,2021
48989,Physics 2,58,2021
48989,Chemistry 2,71,2021
48989,Chemistry 3,61,2022
48989,Physics 3,47,2022
48989,Biology 3,71,2022
48989,Mathematics 3,46,2022
49148,Statistics 1,66,2021
49148,Chemistry 1,66,2021
49148,Chemistry 2,73,2022
49148,Mathematics 2,58,2022
49148,Biology 2,78,2022
49165,Physics 2,53,2021
49165,Chemistry 2,58,2021
49165,Statistics 2,57,2021
49165,Biology 3,53,2022
49165,Physics 3,64,2022
49165,Chemistry 3,57,2022
49165,Mathematics 3,42,2022
49253,Physics 1,56,2021
49253,Mathematics 1,51,2021
49253,Biology 1,47,2021
49253,Chemistry 2,76,2022
49253,Statistics 2,59,2022
49253,Physics 2,58,2022
49667,Mathematics 2,47,2021
49667,Biology 2,50,2021
49667,Physics 2,58,2021
49667,Statistics 2,53,2021
49667,Physics 3,68,2022
49667,Biology 3,73,2022
49667,Statistics 3,51,2022
49667,Mathematics 3,69,2022
49667,Chemistry 3,62,2022
49784,Chemistry 1,64,2022
49784,Mathematics 1,63,2022
49784,Biology 1,59,2022
49796,Chemistry 2,60,2021
49796,Statistics 2,61,2021
49796,Biology 2,58,2021
49796,Mathematics 2,61,2021
49796,Physics 2,68,2021
49796,Physics 3,59,2022
49796,Mathematics 3,59,2022
49796,Biology 3,67,2022
49796,Chemistry 3,89,2022
49796,Statistics 3,77,2022
51214,Physics 1,68,2021
51214,Mathematics 1,50,2021
51214,Physics 2,54,2022
51214,Mathematics 2,55,2022
51214,Biology 2,53,2022
51579,Statistics 1,51,2021
51579,Physics 1,62,2021
51579,Mathematics 1,72,2021
51579,Mathematics 2,53,2022
51579,Biology 2,69,2022
51579,Physics 2,61,2022
51579,Statistics 2,53,2022
51671,Biology 1,43,2022
51671,Statistics 1,70,2022
51671,Mathematics 1,52,2022
51939,Biology 1,65,2021
51939,Mathematics 1,58,2021
51939,Statistics 1,55,2021
51939,Chemistry 1,68,2021
51939,Statistics 2,50,2022
51939,Chemistry 2,66,2022
51939,Mathematics 2,48,2022
52285,Biology 1,50,2022
52285,Physics 1,55,2022
52285,Chemistry 1,56,2022
52285,Statistics 1,64,2022
52285,Mathematics 1,40,2022
52431,Biology 1,77,2021
52431,Chemistry 1,75,2021
52431,Mathematics 1,69,2021
52431,Physics 1,34,2021
52431,Mathematics 2,57,2022
52431,Biology 2,69,2022
52431,Chemistry 2,58,2022
52498,Physics 2,66,2021
52498,Mathematics 3,60,2022
52498,Biology 3,48,2022
52498,Chemistry 3,74,2022
52498,Statistics 3,51,2022
52896,Physics 2,63,2021
52896,Chemistry 2,52,2021
52896,Biology 2,62,2021
52896,Statistics 2,59,2021
52896,Biology 3,65,2022
53586,Biology 2,66,2021
53586,Mathematics 2,57,2021
53586,Physics 2,53,2021
53586,Chemistry 2,68,2021
53586,Chemistry 3,64,2022
53719,Chemistry 1,73,2022
53719,Physics 1,39,2022
53719,Biology 1,63,2022
53728,Mathematics 1,69,2021
53728,Statistics 1,73,2021
53728,Physics 1,69,2021
53728,Biology 1,46,2021
53728,Biology 2,60,2022
53728,Physics 2,50,2022
53728,Chemistry 2,79,2022
53728,Statistics 2,55,2022
53728,Mathematics 2,52,2022
53841,Physics 2,68,2021
53841,Statistics 2,64,2021
53841,Biology 2,72,2021
53841,Chemistry 2,62,2021
53841,Mathematics 2,49,2021
53841,Chemistry 3,57,2022
53841,Biology 3,59,2022
53841,Physics 3,72,2022
53841,Mathematics 3,59,2022
53841,Statistics 3,76,2022
54246,Biology 2,51,2021
54246,Chemistry 2,65,2021
54246,Mathematics 2,47,2021
54246,Physics 3,56,2022
54246,Chemistry 3,65,2022
54246,Biology 3,72,2022
54246,Mathematics 3,39,2022
54246,Statistics 3,52,2022
54763,Statistics 2,51,2021
54763,Physics 3,47,2022
54763,Mathematics 3,64,2022
54763,Statistics 3,59,2022
54763,Chemistry 3,55,2022
55445,Physics 1,53,2021
55445,Biology 1,58,2021
55445,Statistics 1,66,2021
55445,Chemistry 1,57,2021
55445,Mathematics 2,74,2022
55445,Biology 2,60,2022
55445,Physics 2,60,2022
55445,Chemistry 2,65,2022
55445,Statistics 2,54,2022
55582,Physics 2,75,2021
55582,Chemistry 2,69,2021
55582,Statistics 3,80,2022
55582,Mathematics 3,62,2022
55582,Chemistry 3,75,2022
55761,Statistics 2,68,2021
55761,Physics 3,74,2022
55761,Mathematics 3,59,2022
55761,Statistics 3,59,2022
55761,Biology 3,58,2022
55761,Chemistry 3,46,2022
55839,Biology 2,38,2021
55839,Mathematics 2,57,2021
55839,Statistics 2,44,2021
55899,Chemistry 2,55,2021
55899,Mathematics 2,62,2021
55899,Biology 3,56,2022
55899,Statistics 3,60,2022
56153,Statistics 1,47,2022
56153,Chemistry 1,55,2022
56153,Physics 1,54,2022
56162,Statistics 2,64,2021
56162,Mathematics 2,66,2021
56162,Chemistry 2,71,2021
56162,Chemistry 3,58,2022
56162,Physics 3,46,2022
56162,Statistics 3,80,2022
56162,Biology 3,64,2022
56162,Mathematics 3,63,2022
56219,Physics 1,65,2021
56219,Mathematics 1,66,2021
56219,Chemistry 1,54,2021
56219,Statistics 1,73,2021
56219,Statistics 2,54,2022
56219,Mathematics 2,54,2022
56219,Physics 2,60,2022
56219,Biology 2,72,2022
56219,Chemistry 2,56,2022
56279,Chemistry 1,65,2021
56279,Mathematics 1,63,2021
56279,Biology 1,57,2021
56279,Physics 2,65,2022
56279,Mathematics 2,38,2022
56279,Biology 2,64,2022
56796,Physics 2,70,2021
56796,Statistics 2,73,2021
56796,Mathematics 2,50,2021
56796,Biology 2,54,2021
56796,Chemistry 2,60,2021
56796,Chemistry 3,59,2022
56796,Biology 3,60,2022
56796,Mathematics 3,62,2022
56796,Physics 3,38,2022
56796,Statistics 3,56,2022
57116,Mathematics 2,91,2021
57116,Physics 2,64,2021
57116,Chemistry 2,56,2021
57328,Statistics 2,65,2021
57328,Physics 2,64,2021
57328,Mathematics 2,61,2021
57328,Biology 2,63,2021
57328,Chemistry 2,55,2021
57328,Mathematics 3,55,2022
57328,Biology 3,54,2022
57354,Mathematics 2,73,2021
57354,Biology 2,58,2021
57354,Statistics 2,65,2021
57354,Physics 2,78,2021
57354,Physics 3,66,2022
57354,Biology 3,53,2022
57575,Mathematics 2,55,2021
57575,Biology 2,31,2021
57575,Chemistry 2,34,2021
57654,Mathematics 2,47,2021
57654,Chemistry 2,53,2021
57654,Biology 2,70,2021
57654,Physics 2,64,2021
57654,Statistics 2,55,2021
57654,Statistics 3,60,2022
57654,Biology 3,66,2022
57654,Mathematics 3,75,2022
57738,Biology 2,72,2021
57738,Statistics 2,57,2021
57738,Physics 2,62,2021
57738,Mathematics 2,75,2021
57738,Mathematics 3,69,2022
57738,Statistics 3,63,2022
57738,Biology 3,68,2022
57738,Physics 3,51,2022
57761,Biology 2,61,2021
57761,Statistics 2,68,2021
57761,Physics 2,48,2021
57761,Chemistry 2,58,2021
57761,Biology 3,45,2022
57761,Chemistry 3,62,2022
57761,Statistics 3,59,2022
57876,Chemistry 1,53,2022
57876,Mathematics 1,66,2022
57989,Statistics 2,78,2021
57989,Chemistry 2,73,2021
57989,Biology 2,55,2021
57989,Mathematics 2,54,2021
58142,Biology 2,61,2021
58142,Mathematics 2,58,2021
58142,Statistics 2,71,2021
58142,Chemistry 2,59,2021
58142,Physics 2,57,2021
58274,Chemistry 1,73,2022
58274,Physics 1,70,2022
58288,Physics 2,49,2021
58288,Chemistry 2,55,2021
58288,Biology 2,68,2021
58288,Mathematics 2,69,2021
58288,Statistics 2,53,2021
58353,Mathematics 2,48,2021
58353,Biology 2,44,2021
58359,Chemistry 1,47,2021
58359,Physics 1,59,2021
58359,Mathematics 1,68,2021
58359,Physics 2,67,2022
58359,Statistics 2,46,2022
58359,Mathematics 2,72,2022
58471,Biology 2,51,2021
58471,Mathematics 2,52,2021
58471,Physics 2,53,2021
58471,Biology 3,61,2022
58471,Chemistry 3,71,2022
58471,Mathematics 3,51,2022
58518,Biology 1,66,2021
58518,Mathematics 1,52,2021
58518,Physics 1,61,2021
58518,Physics 2,68,2022
58518,Statistics 2,51,2022
58518,Biology 2,75,2022
58518,Chemistry 2,46,2022
58518,Mathematics 2,57,2022
58591,Biology 1,46,2022
58591,Mathematics 1,75,2022
58591,Chemistry 1,70,2022
58591,Statistics 1,59,2022
58591,Physics 1,51,2022
58899,Chemistry 1,56,2021
58899,Mathematics 1,44,2021
58899,Biology 2,60,2022
58899,Physics 2,56,2022
58899,Statistics 2,49,2022
58899,Mathematics 2,63,2022
58971,Chemistry 2,53,2021
58971,Mathematics 2,49,2021
58971,Biology 2,51,2021
58971,Physics 2,52,2021
58971,Statistics 2,69,2021
58971,Mathematics 3,51,2022
59124,Physics 1,55,2021
59124,Mathematics 1,61,2021
59124,Statistics 1,63,2021
59124,Chemistry 1,67,2021
59124,Biology 1,73,2021
59124,Statistics 2,65,2022
59124,Mathematics 2,69,2022
59124,Chemistry 2,75,2022
59373,Biology 2,63,2021
59373,Chemistry 2,58,2021
59373,Statistics 2,55,2021
59373,Physics 2,76,2021
59373,Mathematics 2,62,2021
59373,Biology 3,52,2022
59373,Chemistry 3,54,2022
59373,Physics 3,56,2022
59373,Mathematics 3,63,2022
59391,Mathematics 1,67,2022
59391,Physics 1,73,2022
59533,Statistics 2,54,2021
59533,Physics 2,48,2021
59533,Mathematics 2,59,2021
59533,Chemistry 2,44,2021
59533,Statistics 3,60,2022
59533,Mathematics 3,55,2022
59552,Mathematics 2,50,2021
59552,Statistics 2,40,2021
59552,Chemistry 2,44,2021
59552,Physics 2,63,2021
59552,Biology 2,46,2021
59552,Biology 3,62,2022
59552,Statistics 3,47,2022
59552,Physics 3,72,2022
59552,Mathematics 3,66,2022
59711,Mathematics 2,38,2021
59711,Statistics 2,62,2021
59711,Physics 2,65,2021
59785,Statistics 1,62,2021
59785,Physics 1,68,2021
59785,Physics 2,71,2022
59797,Chemistry 1,90,2022
59797,Statistics 1,61,2022
59797,Physics 1,74,2022
59797,Biology 1,65,2022
59797,Mathematics 1,44,2022
61165,Statistics 2,66,2021
61165,Mathematics 2,59,2021
61165,Physics 2,68,2021
61165,Chemistry 2,68,2021
61165,Biology 2,54,2021
61322,Statistics 2,53,2021
61322,Mathematics 2,79,2021
61322,Biology 2,57,2021
61322,Chemistry 2,64,2021
61322,Physics 2,56,2021
61368,Mathematics 1,65,2022
61368,Physics 1,59,2022
61368,Chemistry 1,44,2022
61368,Biology 1,55,2022
61368,Statistics 1,46,2022
61455,Mathematics 2,84,2021
61455,Biology 2,75,2021
61455,Physics 2,80,2021
61455,Statistics 2,63,2021
61455,Chemistry 3,54,2022
61455,Biology 3,66,2022
61455,Physics 3,65,2022
61455,Mathematics 3,57,2022
61761,Chemistry 1,68,2021
61761,Biology 1,58,2021
61761,Statistics 1,46,2021
61761,Physics 2,73,2022
61761,Chemistry 2,71,2022
61761,Biology 2,69,2022
61761,Mathematics 2,53,2022
61965,Physics 1,57,2021
61965,Biology 1,45,2021
61965,Statistics 1,62,2021
61965,Mathematics 1,62,2021
61965,Biology 2,41,2022
61965,Mathematics 2,38,2022
61965,Chemistry 2,69,2022
61965,Physics 2,64,2022
62286,Mathematics 1,65,2021
62286,Biology 1,66,2021
62286,Physics 1,52,2021
62286,Chemistry 1,64,2021
62286,Statistics 1,68,2021
62286,Statistics 2,47,2022
62558,Biology 2,49,2021
62558,Chemistry 2,51,2021
62558,Physics 2,54,2021
62574,Chemistry 2,45,2021
62574,Biology 2,60,2021
62574,Mathematics 2,62,2021
62574,Physics 2,59,2021
62574,Statistics 2,68,2021
62692,Biology 2,55,2021
62692,Chemistry 2,58,2021
62692,Statistics 2,50,2021
62692,Physics 2,41,2021
62692,Biology 3,76,2022
62692,Mathematics 3,84,2022
62692,Physics 3,55,2022
62692,Chemistry 3,63,2022
62692,Statistics 3,60,2022
62817,Chemistry 2,58,2021
62817,Statistics 2,56,2021
62817,Mathematics 2,76,2021
62817,Biology 2,58,2021
62817,Physics 2,76,2021
62817,Biology 3,58,2022
62817,Chemistry 3,54,2022
62817,Statistics 3,66,2022
62817,Mathematics 3,65,2022
62834,Chemistry 1,72,2022
62834,Biology 1,76,2022
62834,Mathematics 1,76,2022
62834,Physics 1,67,2022
62896,Biology 2,46,2021
62896,Physics 2,36,2021
62896,Statistics 2,85,2021
62896,Mathematics 2,68,2021
62964,Mathematics 1,72,2021
62964,Biology 1,55,2021
62964,Chemistry 1,51,2021
62964,Statistics 1,74,2021
62964,Physics 1,61,2021
62964,Chemistry 2,58,2022
62964,Mathematics 2,57,2022
62964,Statistics 2,64,2022
62964,Biology 2,55,2022
63174,Biology 1,37,2021
63174,Mathematics 1,59,2021
63174,Chemistry 1,57,2021
63174,Physics 1,67,2021
63174,Statistics 1,59,2021
63174,Mathematics 2,75,2022
63174,Chemistry 2,63,2022
63174,Physics 2,74,2022
63174,Statistics 2,68,2022
63174,Biology 2,64,2022
63191,Biology 2,58,2021
63191,Physics 2,60,2021
63191,Biology 3,51,2022
63191,Statistics 3,57,2022
63191,Mathematics 3,63,2022
63257,Chemistry 2,55,2021
63257,Physics 2,66,2021
63257,Mathematics 2,42,2021
63257,Biology 2,60,2021
63257,Statistics 2,66,2021
63257,Statistics 3,65,2022
63257,Chemistry 3,62,2022
63257,Physics 3,66,2022
63257,Mathematics 3,53,2022
63264,Biology 2,48,2021
63264,Chemistry 2,46,2021
63264,Mathematics 2,56,2021
63264,Statistics 2,53,2021
63264,Physics 2,53,2021
63317,Chemistry 1,79,2022
63317,Mathematics 1,49,2022
63317,Physics 1,63,2022
63466,Chemistry 1,53,2022
63466,Statistics 1,64,2022
63466,Mathematics 1,69,2022
63672,Chemistry 2,62,2021
63672,Statistics 2,72,2021
63672,Physics 2,59,2021
63672,Mathematics 2,66,2021
63672,Biology 3,59,2022
63672,Physics 3,55,2022
63693,Mathematics 1,79,2021
63693,Biology 1,71,2021
63693,Physics 1,50,2021
63693,Statistics 1,60,2021
63693,Statistics 2,63,2022
63693,Chemistry 2,60,2022
63767,Mathematics 1,65,2022
63767,Chemistry 1,66,2022
63928,Physics 1,52,2021
63928,Chemistry 1,53,2021
63928,Biology 1,53,2021
63928,Statistics 1,67,2021
63928,Chemistry 2,63,2022
63928,Physics 2,63,2022
63928,Statistics 2,56,2022
64398,Statistics 2,56,2021
64398,Chemistry 2,50,2021
64398,Mathematics 2,30,2021
64398,Biology 2,66,2021
64398,Physics 2,49,2021
64545,Physics 2,73,2021
64545,Mathematics 2,39,2021
64545,Statistics 2,67,2021
64545,Biology 2,60,2021
64545,Chemistry 2,68,2021
64545,Mathematics 3,72,2022
64545,Statistics 3,84,2022
64545,Biology 3,63,2022
64545,Chemistry 3,63,2022
65385,Biology 1,24,2022
65385,Physics 1,60,2022
65385,Chemistry 1,58,2022
65385,Mathematics 1,64,2022
65385,Statistics 1,60,2022
65467,Biology 2,34,2021
65467,Physics 2,51,2021
65467,Chemistry 2,69,2021
65467,Statistics 2,82,2021
65467,Mathematics 2,47,2021
65467,Chemistry 3,61,2022
65467,Mathematics 3,63,2022
65558,Physics 2,47,2021
65558,Statistics 2,81,2021
66222,Physics 1,53,2021
66222,Chemistry 1,84,2021
66222,Mathematics 1,45,2021
66222,Biology 1,59,2021
66222,Statistics 1,65,2021
66222,Biology 2,51,2022
66222,Statistics 2,51,2022
66281,Biology 1,67,2022
66281,Physics 1,63,2022
66281,Mathematics 1,73,2022
66347,Statistics 1,69,2022
66347,Mathematics 1,70,2022
66347,Physics 1,62,2022
66855,Physics 1,67,2021
66855,Chemistry 1,58,2021
66855,Statistics 1,64,2021
66855,Mathematics 1,66,2021
66855,Biology 1,77,2021
66855,Statistics 2,78,2022
66855,Chemistry 2,44,2022
66855,Mathematics 2,60,2022
66855,Biology 2,72,2022
67215,Physics 1,54,2021
67215,Biology 1,58,2021
67215,Chemistry 2,68,2022
67497,Mathematics 2,61,2021
67497,Chemistry 2,51,2021
67497,Biology 2,66,2021
67497,Physics 2,59,2021
67497,Statistics 2,58,2021
67497,Mathematics 3,57,2022
67497,Statistics 3,64,2022
67497,Chemistry 3,61,2022
67698,Chemistry 1,76,2021
67698,Biology 1,50,2021
67698,Physics 1,53,2021
67698,Statistics 1,65,2021
67698,Mathematics 1,65,2021
67698,Mathematics 2,67,2022
67698,Statistics 2,62,2022
67698,Biology 2,65,2022
67698,Physics 2,42,2022
67699,Mathematics 2,58,2021
67699,Chemistry 2,49,2021
67699,Statistics 2,48,2021
67699,Chemistry 3,76,2022
67699,Statistics 3,44,2022
67699,Biology 3,52,2022
67735,Chemistry 1,74,2021
67735,Biology 1,64,2021
67735,Mathematics 1,57,2021
67735,Statistics 1,63,2021
67735,Statistics 2,69,2022
67735,Biology 2,59,2022
67735,Chemistry 2,57,2022
67735,Mathematics 2,63,2022
68534,Mathematics 1,89,2021
68534,Biology 1,52,2021
68534,Physics 1,78,2021
68534,Chemistry 1,64,2021
68534,Chemistry 2,63,2022
68534,Biology 2,74,2022
68534,Physics 2,66,2022
68846,Chemistry 2,37,2021
68846,Statistics 2,49,2021
68846,Physics 2,59,2021
68846,Statistics 3,56,2022
68846,Chemistry 3,66,2022
68846,Mathematics 3,75,2022
68846,Biology 3,67,2022
68965,Chemistry 1,58,2021
68965,Physics 1,70,2021
68965,Mathematics 1,63,2021
68965,Biology 2,57,2022
68965,Mathematics 2,64,2022
68965,Statistics 2,69,2022
68965,Physics 2,52,2022
69133,Physics 2,68,2021
69133,Mathematics 2,64,2021
69133,Biology 2,65,2021
69133,Statistics 2,63,2021
69133,Chemistry 2,63,2021
69133,Mathematics 3,82,2022
69133,Statistics 3,63,2022
69133,Chemistry 3,52,2022
69133,Biology 3,53,2022
69141,Statistics 1,68,2021
69141,Physics 1,80,2021
69141,Biology 1,54,2021
69141,Mathematics 1,77,2021
69141,Statistics 2,41,2022
69141,Biology 2,67,2022
69141,Mathematics 2,53,2022
69141,Chemistry 2,67,2022
69141,Physics 2,56,2022
69646,Mathematics 1,59,2021
69646,Physics 1,66,2021
69646,Statistics 1,65,2021
69646,Chemistry 1,67,2021
69646,Biology 1,55,2021
69646,Biology 2,83,2022
69646,Physics 2,70,2022
69646,Statistics 2,63,2022
69646,Chemistry 2,53,2022
69646,Mathematics 2,39,2022
69733,Chemistry 1,56,2022
69733,Physics 1,67,2022
69733,Mathematics 1,74,2022
69812,Biology 2,59,2021
69812,Mathematics 2,60,2021
69812,Physics 2,51,2021
69812,Statistics 2,55,2021
69812,Chemistry 3,80,2022
69812,Mathematics 3,49,2022
69812,Biology 3,68,2022
69812,Physics 3,45,2022
71194,Chemistry 2,60,2021
71194,Physics 3,71,2022
71249,Chemistry 1,40,2022
71249,Physics 1,45,2022
71249,Statistics 1,64,2022
71249,Biology 1,53,2022
71249,Mathematics 1,59,2022
71257,Physics 2,51,2021
71257,Biology 2,59,2021
71257,Mathematics 2,59,2021
71257,Chemistry 2,56,2021
71257,Statistics 2,39,2021
71268,Physics 1,64,2022
71268,Biology 1,47,2022
71268,Statistics 1,36,2022
71286,Statistics 2,55,2021
71286,Mathematics 2,61,2021
71286,Biology 2,59,2021
71368,Statistics 1,61,2022
71368,Biology 1,71,2022
71368,Chemistry 1,64,2022
71368,Physics 1,56,2022
71368,Mathematics 1,47,2022
71736,Chemistry 2,51,2021
71736,Biology 2,49,2021
71736,Physics 2,50,2021
71736,Mathematics 2,61,2021
72218,Physics 2,57,2021
72218,Mathematics 2,52,2021
72218,Statistics 2,55,2021
72218,Chemistry 2,72,2021
72646,Mathematics 1,59,2022
72646,Statistics 1,52,2022
72646,Chemistry 1,59,2022
73268,Mathematics 2,72,2021
73268,Biology 2,83,2021
73268,Physics 2,60,2021
73346,Biology 2,56,2021
73346,Chemistry 2,73,2021
73346,Mathematics 2,56,2021
73346,Statistics 2,68,2021
73346,Statistics 3,48,2022
73346,Physics 3,61,2022
73346,Mathematics 3,66,2022
73346,Chemistry 3,74,2022
73423,Biology 1,61,2022
73423,Chemistry 1,64,2022
73423,Physics 1,53,2022
73423,Statistics 1,68,2022
73423,Mathematics 1,54,2022
73428,Mathematics 1,58,2021
73428,Physics 1,59,2021
73428,Statistics 2,53,2022
73428,Mathematics 2,59,2022
73428,Physics 2,70,2022
73428,Biology 2,65,2022
74418,Physics 1,74,2021
74418,Chemistry 1,46,2021
74418,Statistics 1,46,2021
74418,Mathematics 1,49,2021
74418,Biology 1,73,2021
74418,Chemistry 2,59,2022
74418,Mathematics 2,49,2022
74418,Physics 2,56,2022
74418,Statistics 2,49,2022
74451,Physics 1,67,2022
74451,Statistics 1,54,2022
74451,Mathematics 1,62,2022
74451,Chemistry 1,58,2022
74494,Biology 2,67,2021
74494,Physics 2,62,2021
74494,Mathematics 2,66,2021
74494,Biology 3,63,2022
74494,Chemistry 3,82,2022
74541,Chemistry 1,66,2021
74541,Mathematics 1,49,2021
74541,Statistics 1,73,2021
74541,Physics 1,59,2021
74541,Biology 1,54,2021
74541,Biology 2,52,2022
74541,Chemistry 2,70,2022
74541,Mathematics 2,36,2022
74541,Statistics 2,73,2022
74541,Physics 2,71,2022
74571,Biology 2,64,2021
74571,Biology 3,81,2022
74571,Mathematics 3,44,2022
74571,Chemistry 3,50,2022
74571,Statistics 3,53,2022
75132,Physics 2,70,2021
75132,Mathematics 2,65,2021
75132,Chemistry 2,62,2021
75132,Statistics 2,73,2021
75132,Biology 2,46,2021
75132,Biology 3,45,2022
75132,Mathematics 3,69,2022
75132,Chemistry 3,53,2022
75132,Physics 3,72,2022
75132,Statistics 3,74,2022
75226,Biology 1,59,2021
75226,Chemistry 1,74,2021
75226,Statistics 2,55,2022
75226,Mathematics 2,59,2022
75226,Physics 2,67,2022
75226,Chemistry 2,75,2022
75226,Biology 2,58,2022
75655,Mathematics 1,50,2022
75655,Statistics 1,79,2022
75655,Chemistry 1,65,2022
75655,Physics 1,70,2022
75655,Biology 1,42,2022
75913,Chemistry 1,74,2021
75913,Statistics 1,67,2021
75913,Mathematics 1,61,2021
75913,Biology 2,56,2022
75913,Physics 2,65,2022
75913,Statistics 2,63,2022
75913,Mathematics 2,67,2022
76176,Mathematics 2,62,2021
76176,Chemistry 2,64,2021
76176,Biology 2,59,2021
76176,Statistics 2,61,2021
76176,Physics 2,55,2021
76176,Biology 3,66,2022
76176,Mathematics 3,65,2022
76182,Statistics 2,72,2021
76182,Mathematics 2,77,2021
76182,Physics 2,42,2021
76182,Biology 2,59,2021
76182,Chemistry 2,70,2021
76182,Biology 3,59,2022
76182,Physics 3,58,2022
76182,Mathematics 3,70,2022
76182,Chemistry 3,71,2022
76182,Statistics 3,78,2022
76222,Biology 1,59,2021
76222,Physics 1,75,2021
76222,Statistics 1,76,2021
76222,Chemistry 1,74,2021
76222,Mathematics 1,64,2021
76222,Physics 2,42,2022
76222,Biology 2,49,2022
76222,Chemistry 2,45,2022
76222,Statistics 2,69,2022
76222,Mathematics 2,55,2022
76541,Statistics 2,78,2021
76594,Statistics 2,63,2021
76594,Biology 2,58,2021
76594,Chemistry 2,51,2021
76594,Mathematics 2,55,2021
76594,Statistics 3,44,2022
76594,Mathematics 3,71,2022
76976,Statistics 1,62,2022
76976,Physics 1,52,2022
76976,Chemistry 1,35,2022
76976,Mathematics 1,44,2022
76981,Statistics 2,65,2021
76981,Physics 2,49,2021
76981,Biology 2,48,2021
76981,Chemistry 2,54,2021
76981,Statistics 3,62,2022
76981,Mathematics 3,68,2022
76981,Biology 3,77,2022
76981,Physics 3,51,2022
76997,Chemistry 1,68,2021
76997,Statistics 1,81,2021
76997,Physics 1,83,2021
76997,Biology 1,47,2021
76997,Mathematics 1,63,2021
76997,Physics 2,63,2022
76997,Statistics 2,38,2022
76997,Mathematics 2,58,2022
76997,Chemistry 2,62,2022
76997,Biology 2,71,2022
77372,Mathematics 2,61,2021
77372,Statistics 2,52,2021
77372,Biology 2,60,2021
77372,Physics 2,71,2021
77414,Physics 1,46,2022
77414,Mathematics 1,81,2022
77414,Biology 1,42,2022
77414,Chemistry 1,54,2022
77414,Statistics 1,50,2022
77474,Statistics 2,68,2021
77474,Biology 2,55,2021
77474,Physics 2,59,2021
77474,Mathematics 2,42,2021
77474,Chemistry 2,70,2021
77474,Mathematics 3,69,2022
77474,Biology 3,58,2022
77474,Physics 3,71,2022
77474,Chemistry 3,63,2022
77514,Physics 1,69,2022
77514,Statistics 1,74,2022
77514,Mathematics 1,61,2022
77514,Chemistry 1,55,2022
78384,Biology 1,61,2022
78384,Mathematics 1,53,2022
78384,Chemistry 1,46,2022
78384,Statistics 1,71,2022
78797,Chemistry 2,79,2021
78797,Physics 2,77,2021
78797,Biology 2,63,2021
79145,Mathematics 2,60,2021
79145,Biology 2,52,2021
79145,Physics 2,56,2021
79145,Statistics 2,72,2021
79145,Chemistry 2,55,2021
79145,Chemistry 3,53,2022
79145,Physics 3,50,2022
79145,Biology 3,60,2022
79757,Statistics 2,93,2021
79757,Biology 2,68,2021
79757,Physics 2,75,2021
79757,Chemistry 2,79,2021
79757,Mathematics 2,70,2021
79757,Physics 3,58,2022
79757,Biology 3,40,2022
79757,Mathematics 3,57,2022
79757,Chemistry 3,54,2022
79757,Statistics 3,64,2022
81149,Mathematics 1,72,2021
81149,Statistics 1,62,2021
81149,Physics 1,55,2021
81149,Chemistry 1,68,2021
81149,Biology 1,61,2021
81149,Physics 2,52,2022
81149,Mathematics 2,55,2022
81531,Statistics 1,64,2021
81531,Physics 1,61,2021
81531,Chemistry 1,52,2021
81531,Mathematics 1,71,2021
81531,Biology 1,57,2021
81531,Chemistry 2,53,2022
81531,Mathematics 2,81,2022
81531,Statistics 2,63,2022
81531,Physics 2,67,2022
81531,Biology 2,45,2022
81548,Chemistry 2,50,2021
81548,Physics 2,63,2021
81548,Statistics 2,40,2021
81548,Biology 2,43,2021
81548,Mathematics 2,69,2021
81548,Statistics 3,55,2022
81548,Physics 3,56,2022
81548,Chemistry 3,55,2022
81548,Biology 3,56,2022
81548,Mathematics 3,48,2022
82362,Chemistry 2,45,2021
82659,Chemistry 2,71,2021
82659,Biology 2,51,2021
82659,Statistics 2,62,2021
82659,Mathematics 2,49,2021
82659,Physics 2,60,2021
82659,Biology 3,76,2022
82659,Physics 3,58,2022
82659,Chemistry 3,69,2022
82659,Mathematics 3,55,2022
82761,Statistics 2,58,2021
82761,Chemistry 2,64,2021
82761,Mathematics 2,59,2021
82761,Physics 2,70,2021
82761,Biology 2,48,2021
82761,Physics 3,54,2022
82761,Mathematics 3,42,2022
82761,Statistics 3,81,2022
82761,Biology 3,53,2022
82761,Chemistry 3,46,2022
82915,Physics 1,66,2021
82915,Chemistry 1,60,2021
82915,Mathematics 1,60,2021
82915,Biology 1,59,2021
82915,Physics 2,56,2022
82915,Chemistry 2,77,2022
82915,Biology 2,63,2022
82915,Mathematics 2,67,2022
82915,Statistics 2,58,2022
82937,Biology 2,68,2021
82937,Chemistry 2,37,2021
82937,Mathematics 3,50,2022
82937,Chemistry 3,52,2022
82937,Biology 3,67,2022
82937,Physics 3,63,2022
82985,Statistics 2,58,2021
82985,Biology 2,59,2021
82985,Physics 2,80,2021
82985,Mathematics 2,59,2021
82985,Chemistry 2,69,2021
82985,Mathematics 3,75,2022
83166,Mathematics 1,61,2022
83166,Physics 1,62,2022
83166,Biology 1,60,2022
83166,Statistics 1,68,2022
83427,Biology 1,60,2021
83427,Chemistry 1,65,2021
83427,Mathematics 1,70,2021
83427,Statistics 1,74,2021
83427,Physics 1,59,2021
83427,Statistics 2,46,2022
83427,Chemistry 2,54,2022
83427,Biology 2,74,2022
83571,Biology 2,46,2021
83571,Physics 2,59,2021
83571,Statistics 2,49,2021
83571,Mathematics 2,42,2021
83571,Chemistry 3,64,2022
83571,Biology 3,70,2022
84251,Physics 1,69,2021
84251,Mathematics 2,58,2022
84251,Biology 2,49,2022
84251,Statistics 2,53,2022
84251,Physics 2,66,2022
84251,Chemistry 2,64,2022
84287,Statistics 2,54,2021
84287,Biology 2,71,2021
84287,Mathematics 2,62,2021
84287,Physics 2,57,2021
84287,Chemistry 2,55,2021
84287,Statistics 3,67,2022
84356,Physics 2,49,2021
84356,Statistics 2,43,2021
84356,Chemistry 2,40,2021
84356,Biology 2,56,2021
84377,Chemistry 2,58,2021
84377,Biology 2,59,2021
84377,Biology 3,54,2022
84377,Chemistry 3,62,2022
84377,Statistics 3,63,2022
84377,Mathematics 3,57,2022
84423,Mathematics 2,53,2021
84423,Statistics 2,60,2021
84423,Physics 2,39,2021
84423,Biology 2,62,2021
84423,Chemistry 2,43,2021
84614,Statistics 2,49,2021
84614,Chemistry 2,72,2021
84614,Mathematics 2,53,2021
84614,Biology 2,74,2021
84614,Physics 2,68,2021
85119,Biology 1,73,2021
85119,Statistics 1,60,2021
85119,Chemistry 2,50,2022
85119,Biology 2,59,2022
85119,Statistics 2,54,2022
85245,Physics 2,52,2021
85245,Statistics 2,72,2021
85245,Biology 2,51,2021
85245,Chemistry 2,63,2021
85283,Statistics 2,56,2021
85283,Mathematics 2,65,2021
85283,Physics 2,55,2021
85283,Biology 2,63,2021
85297,Biology 1,63,2021
85297,Chemistry 1,53,2021
85297,Mathematics 1,45,2021
85297,Physics 2,66,2022
85297,Statistics 2,45,2022
85342,Physics 2,44,2021
85342,Chemistry 2,59,2021
85342,Statistics 2,63,2021
85342,Biology 2,29,2021
85342,Mathematics 2,59,2021
85342,Biology 3,52,2022
85342,Chemistry 3,61,2022
85342,Statistics 3,56,2022
85342,Mathematics 3,65,2022
85342,Physics 3,52,2022
85445,Chemistry 2,55,2021
85445,Biology 2,70,2021
85445,Mathematics 2,70,2021
85445,Statistics 2,68,2021
85445,Physics 2,56,2021
85445,Physics 3,61,2022
85445,Statistics 3,63,2022
85445,Chemistry 3,55,2022
85445,Mathematics 3,56,2022
85727,Chemistry 2,54,2021
85727,Biology 2,55,2021
85727,Mathematics 2,48,2021
85727,Biology 3,66,2022
85727,Mathematics 3,69,2022
85727,Chemistry 3,69,2022
85727,Statistics 3,66,2022
85727,Physics 3,43,2022
86362,Physics 2,56,2021
86362,Chemistry 2,63,2021
86362,Mathematics 2,49,2021
86362,Biology 2,78,2021
86362,Biology 3,51,2022
86362,Physics 3,65,2022
86362,Chemistry 3,59,2022
86362,Statistics 3,35,2022
86362,Mathematics 3,65,2022
86893,Statistics 1,63,2021
86893,Physics 1,70,2021
86893,Biology 1,66,2021
86893,Chemistry 1,47,2021
86893,Biology 2,53,2022
86893,Chemistry 2,42,2022
86893,Statistics 2,55,2022
86893,Mathematics 2,48,2022
86977,Chemistry 1,68,2022
86977,Biology 1,43,2022
86977,Mathematics 1,76,2022
86977,Statistics 1,60,2022
86977,Physics 1,74,2022
87218,Biology 2,64,2021
87218,Chemistry 2,61,2021
87218,Statistics 2,74,2021
87218,Mathematics 2,50,2021
87218,Physics 3,48,2022
87218,Chemistry 3,58,2022
87218,Mathematics 3,55,2022
87314,Mathematics 2,58,2021
87314,Biology 2,63,2021
87314,Physics 2,64,2021
87314,Physics 3,62,2022
87314,Statistics 3,51,2022
87314,Chemistry 3,67,2022
87314,Biology 3,50,2022
87476,Physics 1,63,2021
87476,Mathematics 1,88,2021
87476,Statistics 1,60,2021
87476,Biology 1,60,2021
87476,Chemistry 1,61,2021
87476,Mathematics 2,66,2022
87476,Biology 2,45,2022
87476,Chemistry 2,63,2022
87476,Statistics 2,60,2022
87476,Physics 2,42,2022
87939,Biology 1,43,2022
88372,Chemistry 2,55,2021
88491,Biology 2,69,2021
88491,Statistics 2,58,2021
88491,Chemistry 2,72,2021
88491,Physics 2,44,2021
88593,Biology 1,71,2021
88593,Physics 1,71,2021
88593,Mathematics 1,57,2021
88593,Statistics 1,73,2021
88593,Physics 2,56,2022
88593,Statistics 2,76,2022
88769,Biology 1,59,2021
88769,Mathematics 1,48,2021
88769,Chemistry 1,49,2021
88769,Physics 1,60,2021
88769,Statistics 1,80,2021
88769,Statistics 2,63,2022
88769,Physics 2,59,2022
88769,Biology 2,56,2022
88769,Chemistry 2,55,2022
88769,Mathematics 2,78,2022
88869,Biology 2,44,2021
88869,Physics 2,62,2021
88869,Statistics 2,66,2021
88917,Chemistry 2,50,2021
88917,Mathematics 2,62,2021
88917,Physics 2,47,2021
88917,Statistics 2,72,2021
88917,Biology 2,56,2021
88917,Chemistry 3,70,2022
88917,Mathematics 3,64,2022
88917,Biology 3,82,2022
88917,Statistics 3,60,2022
89229,Statistics 1,59,2022
89229,Biology 1,50,2022
89229,Mathematics 1,64,2022
89348,Biology 1,40,2021
89348,Statistics 1,43,2021
89348,Mathematics 1,36,2021
89348,Chemistry 2,42,2022
89348,Mathematics 2,45,2022
89348,Physics 2,55,2022
89348,Biology 2,68,2022
89348,Statistics 2,59,2022
89635,Statistics 1,81,2021
89635,Mathematics 1,61,2021
89635,Chemistry 1,52,2021
89635,Physics 1,59,2021
89635,Statistics 2,57,2022
89635,Biology 2,64,2022
89635,Chemistry 2,67,2022
89636,Chemistry 1,55,2021
89636,Statistics 1,52,2021
89636,Mathematics 1,67,2021
89636,Mathematics 2,70,2022
89636,Chemistry 2,55,2022
89636,Statistics 2,83,2022
89636,Physics 2,50,2022
89636,Biology 2,67,2022
89811,Biology 2,74,2021
89811,Mathematics 2,59,2021
89811,Chemistry 2,40,2021
89811,Physics 2,58,2021
89811,Statistics 2,55,2021
89975,Physics 2,58,2021
89975,Biology 2,40,2021
89975,Chemistry 2,63,2021
89975,Mathematics 2,68,2021
91161,Biology 2,60,2021
91161,Chemistry 2,51,2021
91161,Physics 2,43,2021
91161,Statistics 2,75,2021
91161,Mathematics 2,56,2021
91161,Statistics 3,50,2022
91161,Physics 3,69,2022
91161,Chemistry 3,60,2022
91392,Chemistry 2,49,2021
91392,Physics 2,50,2021
91392,Statistics 2,58,2021
91438,Biology 2,70,2021
91438,Statistics 2,69,2021
91438,Mathematics 2,69,2021
91438,Physics 2,54,2021
91438,Biology 3,53,2022
91438,Physics 3,71,2022
91583,Statistics 1,52,2022
91583,Biology 1,72,2022
91624,Biology 1,68,2022
91624,Chemistry 1,42,2022
91624,Mathematics 1,52,2022
91624,Statistics 1,76,2022
91624,Physics 1,51,2022
91717,Statistics 1,52,2022
91717,Mathematics 1,63,2022
91717,Physics 1,66,2022
91864,Mathematics 1,47,2021
91864,Statistics 1,57,2021
91864,Chemistry 1,39,2021
91864,Physics 1,68,2021
91864,Biology 1,61,2021
91864,Physics 2,58,2022
91864,Chemistry 2,72,2022
91864,Mathematics 2,61,2022
91864,Biology 2,48,2022
92151,Chemistry 1,71,2021
92151,Biology 1,59,2021
92151,Physics 1,67,2021
92151,Statistics 1,71,2021
92151,Mathematics 1,65,2021
92151,Chemistry 2,57,2022
92151,Physics 2,58,2022
92151,Biology 2,54,2022
92151,Statistics 2,51,2022
92151,Mathematics 2,57,2022
92586,Biology 2,69,2021
92586,Chemistry 2,66,2021
92586,Physics 2,51,2021
92586,Chemistry 3,78,2022
92586,Physics 3,65,2022
92586,Statistics 3,62,2022
92586,Biology 3,60,2022
92586,Mathematics 3,64,2022
92979,Mathematics 1,52,2022
92979,Physics 1,47,2022
92979,Statistics 1,57,2022
92979,Chemistry 1,55,2022
92979,Biology 1,72,2022
93231,Physics 2,54,2021
93231,Chemistry 2,68,2021
93231,Statistics 2,66,2021
93231,Physics 3,41,2022
93231,Chemistry 3,48,2022
93291,Chemistry 1,61,2022
93291,Physics 1,67,2022
93291,Biology 1,72,2022
93291,Statistics 1,60,2022
93399,Mathematics 2,72,2021
93399,Statistics 2,70,2021
93399,Biology 2,43,2021
93399,Physics 2,56,2021
93399,Chemistry 2,62,2021
93399,Chemistry 3,73,2022
93399,Statistics 3,58,2022
93399,Biology 3,59,2022
93488,Chemistry 2,76,2021
93488,Statistics 2,67,2021
93488,Chemistry 3,59,2022
93488,Statistics 3,80,2022
93488,Biology 3,51,2022
93563,Statistics 2,58,2021
93563,Chemistry 2,74,2021
93563,Mathematics 2,41,2021
93664,Statistics 1,55,2021
93664,Biology 1,58,2021
93664,Physics 1,48,2021
93664,Chemistry 1,49,2021
93664,Statistics 2,59,2022
93664,Chemistry 2,62,2022
93664,Physics 2,57,2022
93718,Chemistry 2,70,2021
93718,Physics 2,70,2021
93718,Mathematics 2,51,2021
93718,Biology 2,53,2021
93718,Statistics 2,72,2021
93755,Physics 1,59,2021
93755,Chemistry 1,50,2021
93755,Statistics 1,45,2021
93755,Mathematics 1,75,2021
93755,Physics 2,69,2022
93755,Biology 2,69,2022
93755,Mathematics 2,49,2022
93833,Chemistry 2,55,2021
93833,Mathematics 2,53,2021
93833,Biology 2,58,2021
93833,Statistics 2,67,2021
93833,Physics 2,68,2021
93833,Statistics 3,60,2022
93833,Biology 3,61,2022
93882,Mathematics 1,43,2021
93882,Chemistry 1,52,2021
93882,Physics 1,69,2021
93882,Mathematics 2,61,2022
93882,Biology 2,57,2022
93882,Statistics 2,57,2022
93882,Chemistry 2,60,2022
93933,Biology 2,60,2021
93933,Statistics 2,58,2021
93933,Mathematics 2,65,2021
93933,Physics 2,59,2021
94188,Biology 2,57,2021
94188,Physics 2,66,2021
94188,Chemistry 2,65,2021
94188,Statistics 2,67,2021
94188,Mathematics 2,51,2021
94583,Mathematics 1,61,2022
94583,Statistics 1,56,2022
94583,Physics 1,57,2022
94583,Biology 1,55,2022
94583,Chemistry 1,44,2022
94722,Statistics 2,47,2021
94722,Physics 2,44,2021
94722,Mathematics 2,47,2021
94722,Biology 2,48,2021
94722,Chemistry 3,48,2022
94722,Physics 3,73,2022
94722,Statistics 3,68,2022
94722,Mathematics 3,76,2022
94722,Biology 3,51,2022
94761,Statistics 1,71,2021
94761,Physics 1,55,2021
94761,Biology 1,62,2021
94761,Chemistry 1,63,2021
94761,Mathematics 1,51,2021
94761,Biology 2,51,2022
94761,Physics 2,54,2022
94761,Statistics 2,37,2022
94761,Mathematics 2,60,2022
94761,Chemistry 2,66,2022
94927,Chemistry 2,66,2021
94927,Biology 2,67,2021
94927,Physics 2,63,2021
94927,Biology 3,57,2022
94927,Physics 3,64,2022
94927,Mathematics 3,65,2022
94962,Physics 2,88,2021
94962,Biology 2,62,2021
94962,Statistics 2,71,2021
94962,Chemistry 2,49,2021
94962,Biology 3,54,2022
94962,Physics 3,63,2022
94962,Mathematics 3,72,2022
94962,Statistics 3,58,2022
94962,Chemistry 3,51,2022
94973,Mathematics 2,73,2021
94973,Statistics 2,81,2021
94973,Chemistry 2,76,2021
94973,Biology 2,68,2021
94973,Physics 3,60,2022
94973,Mathematics 3,58,2022
94973,Chemistry 3,59,2022
94973,Biology 3,56,2022
94973,Statistics 3,62,2022
94995,Statistics 2,88,2021
94995,Mathematics 3,57,2022
94995,Chemistry 3,49,2022
94995,Physics 3,63,2022
95433,Statistics 1,71,2021
95433,Biology 1,49,2021
95433,Physics 1,54,2021
95433,Mathematics 1,56,2021
95433,Chemistry 2,62,2022
95433,Statistics 2,77,2022
95433,Biology 2,63,2022
95433,Mathematics 2,58,2022
95433,Physics 2,40,2022
95828,Statistics 1,56,2021
95828,Mathematics 1,57,2021
95828,Physics 1,67,2021
95828,Chemistry 1,74,2021
95828,Biology 1,77,2021
95828,Statistics 2,41,2022
95828,Biology 2,42,2022
95828,Chemistry 2,73,2022
95828,Physics 2,49,2022
95865,Statistics 1,52,2022
95999,Chemistry 2,61,2021
95999,Mathematics 2,66,2021
95999,Statistics 3,64,2022
95999,Chemistry 3,65,2022
95999,Physics 3,59,2022
95999,Biology 3,67,2022
95999,Mathematics 3,54,2022
96252,Chemistry 1,70,2021
96252,Mathematics 1,47,2021
96252,Physics 1,64,2021
96252,Biology 1,85,2021
96252,Physics 2,56,2022
96276,Chemistry 1,67,2022
96276,Physics 1,63,2022
96276,Biology 1,63,2022
96276,Statistics 1,72,2022
96494,Chemistry 2,56,2021
96494,Statistics 2,52,2021
96494,Biology 3,50,2022
96494,Physics 3,57,2022
96494,Mathematics 3,54,2022
96494,Chemistry 3,61,2022
96575,Biology 2,61,2021
96575,Chemistry 2,56,2021
96575,Physics 2,65,2021
96575,Statistics 2,53,2021
96575,Mathematics 2,40,2021
96633,Mathematics 1,45,2022
96633,Statistics 1,75,2022
96633,Biology 1,64,2022
96725,Chemistry 2,56,2021
96725,Physics 2,63,2021
96725,Statistics 2,69,2021
96725,Biology 2,61,2021
96725,Mathematics 2,65,2021
96929,Mathematics 2,57,2021
96929,Statistics 2,53,2021
96929,Chemistry 2,72,2021
96929,Physics 2,66,2021
96929,Biology 3,29,2022
96929,Statistics 3,60,2022
96929,Chemistry 3,42,2022
97138,Chemistry 2,59,2021
97138,Chemistry 3,64,2022
97138,Biology 3,59,2022
97531,Mathematics 1,57,2022
97531,Physics 1,74,2022
97597,Statistics 2,72,2021
97597,Biology 2,52,2021
97597,Chemistry 2,63,2021
97597,Mathematics 2,71,2021
97597,Physics 2,72,2021
97597,Biology 3,56,2022
97597,Mathematics 3,62,2022
97597,Statistics 3,58,2022
97732,Physics 1,53,2022
97732,Mathematics 1,73,2022
97732,Statistics 1,72,2022
97732,Chemistry 1,70,2022
97732,Biology 1,60,2022
97944,Physics 1,53,2021
97944,Mathematics 1,60,2021
97944,Chemistry 1,80,2021
97944,Statistics 2,51,2022
97944,Biology 2,71,2022
97944,Physics 2,60,2022
98231,Physics 2,83,2021
98231,Biology 2,67,2021
98231,Chemistry 3,70,2022
98231,Biology 3,62,2022
98231,Statistics 3,77,2022
98231,Physics 3,68,2022
98231,Mathematics 3,62,2022
98296,Mathematics 2,55,2021
98296,Biology 2,69,2021
98296,Statistics 2,48,2021
98296,Physics 3,51,2022
98296,Chemistry 3,53,2022
98296,Biology 3,58,2022
98324,Statistics 1,42,2021
98324,Physics 1,38,2021
98324,Chemistry 1,67,2021
98324,Biology 2,54,2022
98324,Chemistry 2,45,2022
98324,Mathematics 2,52,2022
98324,Physics 2,66,2022
98324,Statistics 2,60,2022
98627,Chemistry 1,65,2021
98627,Physics 2,62,2022
98627,Mathematics 2,70,2022
98627,Chemistry 2,69,2022
98933,Physics 1,66,2022
98933,Biology 1,54,2022
98933,Mathematics 1,54,2022
98933,Statistics 1,44,2022
98933,Chemistry 1,53,2022
99191,Physics 2,65,2021
99191,Biology 2,67,2021
99285,Mathematics 1,77,2021
99285,Physics 1,57,2021
99285,Statistics 1,41,2021
99285,Chemistry 1,69,2021
99285,Biology 1,62,2021
99285,Chemistry 2,38,2022
99285,Statistics 2,47,2022
99285,Physics 2,62,2022
99285,Mathematics 2,66,2022
99338,Mathematics 2,54,2021
99338,Physics 2,46,2021
99338,Biology 3,73,2022
99338,Chemistry 3,61,2022
99338,Physics 3,61,2022
99338,Statistics 3,63,2022
99338,Mathematics 3,64,2022
99828,Chemistry 2,75,2021
99828,Statistics 2,69,2021
99828,Biology 2,72,2021
99828,Physics 2,60,2021
99828,Physics 3,62,2022
99882,Physics 1,51,2021
99882,Biology 1,63,2021
99882,Mathematics 1,65,2021
99882,Statistics 1,64,2021
99882,Chemistry 1,69,2021
99882,Chemistry 2,70,2022
99882,Mathematics 2,76,2022
99882,Biology 2,76,2022
99882,Statistics 2,52,2022
